AM,EM,QY,LGAC
767.2745,793.2253,0.22013666,5.4118214
576.84406,710.766,0.14156047,4.98878
764.1487,785.647,0.13907467,5.1115923
842.7045,869.3311,0.032358017,5.12121
753.0518,778.9541,0.15409496,5.343855
748.80524,725.71576,0.14792074,4.998709
561.61237,641.8735,0.15297654,5.0363183
615.6838,633.80273,0.048610445,5.2701178
562.2891,591.3125,0.14549711,5.0109067
644.14655,675.9656,0.0886482,5.0602956
656.2436,672.1759,0.1442278,5.3001385
557.3825,726.44403,0.045094226,4.6727533
558.8312,593.5053,0.07324723,5.048731
808.58514,808.8635,0.112284124,5.1791153
672.4849,667.03986,0.14315705,4.9923162
567.2256,643.7576,0.21672267,4.7812805
669.32263,664.78143,0.09872757,5.193399
525.4104,605.6433,0.037375744,4.5027823
789.60315,805.61176,0.1764528,5.242876
506.36954,714.21906,0.14030936,4.900278
505.88898,694.1001,0.13591895,4.8453965
785.556,798.8753,0.1323218,5.228736
802.79047,795.2094,0.13161443,5.276733
630.9451,659.8614,0.12999266,4.989108
801.8359,717.59564,0.14029914,5.0456634
830.7586,832.4019,0.1353471,5.178348
499.48755,715.56036,0.13844316,4.698658
598.87573,644.4524,0.065565035,4.6222405
647.5096,661.57605,0.11503623,5.218425
511.17972,552.7716,0.14014433,4.9111104
503.7286,702.8987,0.1365988,4.8687186
400.91718,716.1612,0.14266917,4.789929
563.39703,710.8417,0.14960764,4.271728
638.1176,679.3989,0.39773175,5.0538425
508.88895,713.72296,0.13340487,4.8760104
642.9018,707.1487,0.14181295,5.440859
556.00415,709.45636,0.021534426,4.588979
658.2596,712.1851,0.14964597,5.046134
738.99634,770.94775,0.10927768,5.3569493
585.3934,695.3357,0.10921729,5.0045786
583.1568,702.61194,0.13031206,4.794044
448.81396,712.52673,0.13259459,5.019235
540.95483,576.6753,0.15874773,5.133131
650.39606,675.2999,0.07455089,4.985529
759.45807,774.4819,0.15563123,5.3689456
479.8677,712.80164,0.13588816,4.855898
685.8437,707.1354,0.11718713,5.0280304
495.84946,720.469,0.11002851,5.066488
823.88086,842.6012,0.11578347,5.0236616
758.83575,770.6421,0.33688176,4.9817
686.5963,699.91943,0.15084156,4.9871945
565.1849,710.2799,0.033458877,4.5950437
677.56104,723.7249,0.0398042,4.7569814
617.2473,720.8381,0.11339377,4.778742
570.7248,701.4616,0.141125,4.6663246
419.9242,727.5959,0.14438148,4.4809237
548.57,575.45105,0.099772975,4.9738374
649.12305,645.9205,0.0671327,5.3572907
653.63135,679.2651,0.33770582,5.1440067
705.5214,709.4731,0.12198175,5.0514383
791.1982,820.5192,0.14181872,5.3748026
470.29953,706.4338,0.12192443,4.8377557
783.54407,783.0156,0.021576067,5.329268
510.73907,713.3803,0.13801138,4.92293
488.95374,720.7527,0.13323197,4.573512
527.3644,611.79114,0.25989348,4.602232
658.6296,713.5793,0.14042717,5.341032
746.9806,793.04517,0.18496174,5.0739484
620.02563,736.6539,0.14843291,5.0252743
614.2052,645.9461,0.12344561,5.3245463
578.2387,705.62177,0.13860373,5.0676403
649.90015,671.45715,0.122085966,5.3499126
768.2354,803.36865,0.34139,5.357178
715.31177,754.53186,0.16214177,5.045847
775.422,791.32166,0.12471429,5.385388
572.83856,708.3776,0.14375746,4.992283
800.742,709.31665,0.14380927,5.1093125
699.265,766.329,0.028800314,4.757119
607.10754,631.17566,0.7881854,5.0001464
700.6014,702.6924,0.116990134,5.076959
783.68243,807.5771,0.13230854,5.0798206
647.9766,665.0311,0.32265928,5.3841953
797.5463,838.1151,0.13931865,5.20828
643.7052,669.8786,0.3377226,5.4047227
488.5742,716.6358,0.13542643,4.999208
466.5495,651.3241,0.12883791,5.038899
653.0267,695.47736,0.4759265,5.1711063
604.6549,717.88293,0.14741768,4.5867
814.20905,737.32794,0.12589818,5.006398
449.79977,711.2599,0.14042197,5.0149913
723.23364,759.03033,0.026533907,5.0104175
602.25696,647.3264,0.75722104,5.023158
690.08734,793.51263,0.14953986,4.8613434
622.09814,689.3288,0.10419633,5.1723957
581.6438,716.4089,0.14211112,4.547814
661.96277,663.3166,0.17331216,4.995405
501.07928,716.16693,0.14327069,4.3475575
471.96042,654.4309,0.13407387,5.036159
654.31244,685.80164,0.16575025,5.330405
538.185,693.61383,0.11147478,5.095333
790.43286,814.5254,0.13450162,5.082162
643.01746,676.0763,0.17661877,5.375261
671.2838,681.2808,0.16148154,4.9822407
473.20673,589.5643,0.14490756,5.007717
661.4681,715.6449,0.04641011,5.0447664
649.80566,701.35443,0.076699294,5.0123653
657.6491,678.0587,0.08877342,4.980018
745.2244,785.6902,0.07266099,5.146386
766.5502,792.8161,0.19418451,5.486811
523.8472,540.0593,0.20916092,4.9839163
620.8053,734.65094,0.005441,4.5045686
579.09106,711.287,0.12377088,4.754053
447.44562,707.31696,0.14474595,4.990962
535.75745,711.2756,0.15096173,4.839965
680.39044,694.44006,0.06273018,5.0013914
520.55273,613.7367,0.10018976,5.027368
638.1385,709.14856,0.12777397,4.98641
765.7964,702.4453,0.13109629,5.3153124
606.10333,757.7215,0.13589363,5.0392756
808.05493,834.17615,0.08848624,5.0842214
756.541,784.186,0.16543151,5.4456544
676.50555,700.124,0.060334858,5.035514
790.3263,803.96136,0.40640432,5.5096593
799.9874,817.74,0.08718401,5.1059694
547.069,593.00134,0.11752658,5.0889907
445.15448,717.0585,0.13337235,5.025515
598.4191,659.14404,0.25413612,5.2534294
582.0488,714.9302,0.1304171,4.8448477
577.10004,614.2408,0.13733555,4.980415
636.9566,709.48987,0.13622834,5.337557
515.16077,567.94086,0.11197617,5.0425873
876.94824,876.5304,0.10225993,4.592543
642.02344,700.7465,0.120487906,5.201126
552.6654,706.16675,0.14450368,4.5876503
648.25323,708.73413,0.13006476,5.252026
520.5437,586.03735,0.11613121,5.0434895
553.9047,669.86395,0.1443386,4.933695
477.53708,709.28064,0.12216423,4.524138
559.7069,710.41626,0.060257126,4.8171277
649.0725,678.21655,0.22936457,5.3609395
651.1641,667.0104,0.29352033,5.321
662.90515,673.93256,0.2848695,5.349086
705.65485,750.43646,0.13212506,5.3499045
684.1418,762.2163,0.1036908,5.013409
757.0774,733.43945,0.10149327,4.9226503
650.32855,709.9306,0.12824665,5.3545065
608.20245,621.58954,0.13417289,5.279125
650.0471,691.0733,0.11803528,5.0000668
478.35355,615.02264,0.13542756,4.8990936
548.9973,680.8462,0.121916264,5.1203027
810.2805,795.5907,0.17605394,5.0768285
773.8467,806.99524,0.10723683,5.196578
634.15607,646.50714,0.33583805,5.0386596
725.5161,738.43835,0.13818313,5.105778
569.3225,720.1778,0.119358845,5.0172777
556.6241,708.9036,0.0450362,4.5615697
473.87665,657.7632,0.13598678,5.012538
753.7675,783.5137,0.5775601,5.4557705
534.6126,565.07983,0.14172547,4.9599247
451.70767,490.91785,0.12921594,5.019943
758.74567,792.77325,0.23508626,5.508723
779.8075,795.9439,0.08016975,5.1676445
492.0452,568.29065,0.13546848,5.014975
764.8087,795.36426,0.09145405,5.2002063
590.5154,709.21674,0.13411719,4.8178587
610.3255,742.8957,0.029987572,4.5345798
668.1798,683.67255,0.41235045,5.0106544
715.48016,735.84515,0.2585689,5.006347
709.9823,710.7984,0.10751278,5.001972
611.7129,730.2591,0.005858039,4.5585837
628.3039,660.6694,0.0388111,4.861382
582.0075,645.4683,0.53558534,4.8813252
520.2437,605.77997,0.007875731,4.967633
547.5872,589.7541,0.12320702,4.9971237
549.12366,697.9181,0.13666254,4.7976127
691.69586,710.72986,0.2865741,5.084904
793.91785,812.0364,0.03748245,4.928678
724.3612,744.2047,0.020861072,5.099773
814.611,827.2055,0.1445009,5.539513
620.69946,655.0632,0.12697148,5.329698
646.7787,673.8364,0.4477936,5.2026587
536.2207,567.35864,0.015964834,4.9560866
615.8394,729.52844,-0.010839814,4.578685
685.14606,693.2238,0.12526505,5.0946193
479.1055,717.2711,0.140425,4.522274
769.87714,707.7815,0.14998749,5.1973963
633.4402,654.5129,0.12319129,5.1857915
428.18414,522.0598,0.09202093,4.974858
638.15845,682.71515,0.09730159,4.709021
686.599,701.4189,0.12283631,5.0750747
781.7345,795.1483,0.08614327,5.091211
500.99768,707.4981,0.15782498,4.9531074
627.285,745.4746,0.14925775,5.029939
779.5287,766.36523,0.1383869,5.201511
529.252,712.38794,0.12825857,4.577777
531.86487,703.9127,-0.013613025,4.561835
628.6142,643.14905,0.056850906,5.194242
465.34943,708.65576,0.13387845,5.000066
647.65234,671.0355,0.13631383,4.9937453
693.3405,745.82184,0.018664828,5.0291386
601.33386,701.8166,0.11256756,4.4423037
687.97766,689.7335,0.10571645,5.0301547
829.3767,826.24744,0.12738098,5.1008263
755.31836,780.7682,0.054754037,5.215061
662.2302,676.9781,0.117149666,5.4061985
637.0311,651.5254,0.020140326,4.8058805
575.34424,718.2086,0.13957645,4.537696
516.24756,707.30334,0.13906103,4.911921
464.52527,684.3336,0.12971842,4.592054
622.60175,753.6383,0.12877692,5.0110884
452.91833,485.38266,0.12673187,5.018508
755.8652,772.9104,0.07252399,5.211845
511.19516,708.89874,0.12995271,4.8565207
584.36444,713.78375,0.12817666,4.857222
566.45874,592.9147,0.16479988,5.0097866
617.62775,728.496,0.020407213,4.488637
779.9292,793.904,0.0640848,5.1019406
444.77023,716.1491,0.13115497,5.0186663
534.23315,568.29474,0.07402501,5.0812016
816.43396,713.8468,0.11422786,5.008253
515.68616,703.5854,0.13757949,4.995783
484.5537,682.71906,0.09291387,5.060845
652.52637,682.6169,0.11765132,4.9987574
580.634,709.1323,0.13978562,4.682343
563.4093,599.184,0.10885222,5.0006194
581.73505,641.01276,0.13033788,5.032828
507.0111,721.44196,0.12186693,4.900651
697.64545,704.4147,0.16937031,5.0205355
712.72046,759.8281,0.0070018074,4.513927
655.5748,736.22845,0.16824391,5.221372
776.60614,802.813,0.022714159,4.4278197
766.81085,789.725,0.34135646,5.4682302
788.35364,816.2708,0.12552549,5.087514
659.99945,679.3605,0.25383675,5.05563
734.7607,770.18756,0.109776825,5.306461
622.9675,655.339,0.14703067,5.2147007
646.6829,687.42566,0.031184344,4.9959393
650.0797,693.9974,0.06842192,5.073446
815.49243,840.96375,0.06541904,5.2152963
633.406,715.29016,0.24784347,4.902568
631.30347,667.42413,0.13993263,5.3335238
725.21204,748.73816,0.1553464,5.4043818
480.95837,710.8946,0.14627619,5.180016
771.7824,804.7727,0.2946649,5.3948674
775.9762,801.7109,0.020688137,5.034937
812.8688,831.703,0.13552165,5.105626
681.6365,693.265,0.12993757,5.0123715
741.0382,774.7542,0.38984796,5.022077
409.75055,516.5664,0.10130131,4.996764
578.76105,647.8873,0.09412125,5.0098076
733.64856,768.1988,0.15867235,5.0377617
627.434,711.2933,0.12909979,5.210753
661.1999,702.49133,0.2580027,5.017485
485.5829,608.63525,0.13541985,5.037143
763.92834,793.51276,0.21749829,5.285079
771.2386,772.7011,0.4998486,5.466235
562.02954,561.9581,0.06653066,5.0918436
858.39307,878.19995,0.090344265,5.0151696
508.23404,714.15674,0.14975065,4.6624985
724.5638,763.4802,0.31056,5.436556
800.40216,815.359,0.12532245,5.286699
619.66907,645.4002,0.13769887,5.030019
556.337,707.4652,0.056684617,4.813248
502.23062,711.0566,0.1362953,4.916255
541.06104,570.4608,0.099721804,5.0404844
564.959,694.4483,0.13456412,5.0417805
640.8596,740.23224,0.11459699,5.0727687
585.4469,596.8006,0.07483731,4.964638
803.49475,714.29926,0.119659826,4.980554
828.74207,718.3482,0.1181188,5.072291
637.238,659.3756,0.17330629,4.9093184
464.44034,610.63715,0.12277184,5.016931
773.23315,800.11273,0.27309048,5.368638
646.551,671.96216,0.1618174,5.3248663
773.3993,829.1438,0.16909042,5.2972865
841.9092,864.79083,0.21132007,5.215108
522.9377,704.9347,0.13954931,4.641894
796.8878,812.9259,0.16284281,5.3481293
428.0258,719.9715,0.13786538,4.9991555
578.5874,709.0619,0.05302726,4.9316673
724.1306,727.4045,0.02207861,5.213023
517.8985,553.18604,0.13561927,5.010005
678.40106,697.6572,0.07510193,5.040908
558.0671,720.05414,0.032404136,4.630869
633.68665,647.27234,0.1177122,5.262912
796.8437,817.767,0.15794262,5.368049
627.15906,645.04364,0.13333596,5.0204835
554.686,703.85944,0.056250397,4.761047
552.97186,569.9264,0.08081628,5.0313406
700.8517,729.6649,0.0056945286,5.104812
805.1378,832.64325,0.080693826,5.160738
791.98474,827.51245,0.11619889,5.0050483
680.21924,671.0855,0.14612924,5.3370676
430.491,770.6794,0.013936704,4.4413204
617.58185,689.9917,0.02984487,4.6137795
773.66705,797.81714,0.27384245,5.595439
778.6215,806.4551,0.034995433,4.960454
630.29706,651.9468,-0.01410001,5.2684155
631.6388,654.70953,0.13706261,5.0057626
483.81287,688.27527,0.15339147,5.0840807
814.0278,823.5119,0.13622291,5.374391
510.4166,706.8955,0.13782687,4.8970337
784.4712,807.9917,0.19822106,5.4125757
508.9038,713.2508,0.14427827,4.8349147
775.84845,807.44977,0.32734898,5.560143
619.65186,632.8007,0.1399002,5.171055
578.114,707.93475,0.14493336,4.8577576
642.5306,657.89343,0.12611075,5.4332514
615.26624,736.40063,0.042416293,4.4441023
756.72,817.42706,0.14670187,4.9812427
664.2142,682.8656,0.19610924,5.033025
623.35895,767.9928,0.011455176,4.429217
767.91644,805.16736,0.044974912,4.873964
656.1418,751.1907,0.14453241,5.012776
778.88086,812.81287,0.067463644,5.1712866
631.8253,646.8255,0.13662334,5.207968
462.162,704.2424,0.14216605,5.0048018
628.88727,669.82666,0.10914578,4.7915225
860.73627,867.2059,0.06128213,4.940798
656.4794,667.8011,0.15150939,5.0036016
486.4344,712.23004,0.13264737,5.2694473
519.2402,707.9046,0.13265987,4.317199
503.7638,704.0283,0.13191402,4.872694
757.53973,781.8417,0.087593794,5.232531
777.7018,752.9429,0.15216337,5.005322
624.28815,650.8849,0.1605568,5.151802
599.4955,702.3554,0.12810618,4.650442
485.7526,613.0827,0.136136,5.0710683
650.60333,680.4532,0.12061292,5.253578
506.8951,712.0573,0.13276991,4.591564
487.63785,717.1128,0.12634048,5.04702
551.23724,699.0731,0.111432,5.06179
512.6073,707.5921,0.13844888,4.3643355
701.1109,767.0762,0.017092055,5.099231
644.88086,665.8382,0.099840485,5.024975
513.03986,559.8382,0.23441513,4.886153
473.70453,706.458,0.13954745,5.023616
660.7168,665.4564,0.14978415,5.0435085
550.2619,680.9138,0.13103783,4.9757476
812.4382,859.4457,0.009540683,5.16567
593.8662,706.42346,0.024466535,4.9053206
786.11896,797.94824,0.21861787,5.4353647
606.81494,634.06744,0.16355406,4.991679
553.5564,712.49646,0.15028809,4.2888093
476.93353,506.1097,0.117141865,4.9739847
682.7996,701.65546,0.14115135,5.032379
467.688,727.291,0.13894871,4.9052467
579.54114,695.83496,0.13285644,4.991261
674.19165,698.8076,0.05988155,4.98567
752.3398,778.75684,0.08072591,5.1746607
789.1086,784.8367,0.14604652,5.2294283
590.76855,715.92267,0.14495791,4.9595704
628.1988,643.14966,0.060087983,5.201198
688.0178,701.143,0.11158253,5.0559974
636.27026,710.802,0.12497004,5.3511987
529.47687,707.4294,0.017610801,4.8587117
779.6415,808.62744,0.024101576,4.877876
543.4743,574.4203,0.04249781,5.111239
532.0092,552.14056,0.11718672,5.039881
798.41473,804.7179,0.09948027,5.196386
522.4038,761.1367,0.14068413,4.3166614
656.477,667.8004,0.15151335,5.0036097
502.63684,707.3861,0.13306035,4.4955835
667.2729,660.13257,0.124806985,5.0256557
758.9483,786.3689,0.28474525,5.4647346
647.79443,668.17444,0.14808168,5.7599745
650.94556,668.1401,0.32419658,5.322436
723.2189,772.61316,0.11999658,5.0488386
498.1195,714.46155,0.1399604,4.9767528
807.1354,853.11066,0.13018854,5.0481796
665.24695,673.0008,0.19247319,5.0814824
737.21545,756.95215,0.07083666,5.036905
643.79724,757.59644,0.14938265,4.966532
574.8899,620.9426,0.02578601,5.01737
528.0664,699.5257,0.010063028,4.742253
564.8726,572.4024,0.091925785,5.0246186
686.2117,721.0773,0.33614278,5.0401716
446.7208,708.5368,0.11053576,5.0156217
776.26276,804.0852,0.025062269,5.049244
586.84125,750.13007,0.12390155,5.1550283
658.1444,659.0304,0.43845385,5.148676
636.1714,644.75543,0.13328761,5.0218387
799.341,823.11633,0.12052131,5.1284323
762.9328,796.7091,0.34070116,5.5632873
648.13696,666.8215,0.35208744,5.4401093
763.2577,783.1193,0.11491653,5.393307
679.62164,712.7214,0.18374813,4.972233
499.9976,704.6836,0.13358675,4.8966985
782.7343,802.6805,0.1950001,5.3739686
674.46625,682.35504,0.15456279,5.107866
421.32758,710.6493,0.12738977,4.3058453
790.27844,820.34973,0.012982933,5.140755
431.3318,478.2308,0.010254597,4.9975
589.51276,703.9883,0.07100802,4.791255
630.41394,651.27637,0.030306635,5.2939014
517.05115,721.8335,0.13615029,4.908397
649.7027,681.2916,0.21636508,5.266198
472.0555,598.24445,0.13810812,5.022534
518.06946,700.4578,0.15087463,4.9910235
616.6348,736.21295,0.13311742,4.976273
647.73334,704.3976,0.29441956,5.0143647
618.83514,709.09033,0.038946684,4.833803
600.82007,664.1078,0.1318401,4.342386
622.16974,734.30884,0.008762827,4.574211
556.1604,699.35223,0.14161585,4.7691464
738.5338,774.2132,0.124478415,5.3762145
703.28784,804.4803,0.12605296,4.4839363
674.03436,686.0271,0.018608255,5.042331
801.42847,825.2043,0.11098647,5.2429066
508.5065,688.67114,0.08011116,5.079224
521.4317,704.85474,0.14712946,4.923495
539.5462,603.0827,0.13988715,5.045931
792.2003,790.96173,0.13599363,5.18103
694.9105,696.6995,0.1767423,5.0060625
576.5238,593.01666,0.028227566,5.033854
760.8177,794.3938,0.19468859,5.395538
620.33575,651.24097,0.028419016,5.3384724
675.955,690.40063,0.101996645,5.003426
512.8056,544.403,0.08185004,5.010624
585.13684,585.78485,0.09011124,5.022341
672.7839,708.5395,0.025994172,5.2468314
635.65497,712.96857,0.20714949,5.3978415
794.3207,808.4606,0.2950294,5.5147877
582.21594,633.93604,0.14027742,5.004925
583.10547,656.7994,0.10891993,4.6000977
808.3046,806.8199,0.13792874,5.032352
672.2809,695.1937,0.23950648,4.974705
482.30606,602.10046,0.2803893,4.437107
506.78723,706.8859,0.12756173,4.7868567
645.00574,704.0914,0.14508834,5.3386683
625.7184,637.7919,0.13967018,4.999584
424.0008,525.7012,0.1309292,5.0068326
645.44214,684.0242,0.14879642,5.358505
601.4861,711.47705,0.13122949,5.2399964
797.58453,810.34674,0.084756546,4.9963975
556.6027,702.1386,0.13476317,4.866607
523.3009,770.17786,0.13791782,4.396566
764.83704,802.54865,0.37826627,5.503495
489.55545,577.7926,0.13531987,5.0176935
629.5339,641.45337,0.008093258,5.295535
761.18463,793.7123,0.026774434,4.669542
525.84686,690.6363,0.008546984,4.647124
817.13605,820.4115,0.060052495,5.248638
456.45877,708.25507,0.13755171,5.027358
676.18396,706.62164,0.32902625,4.9144745
659.6564,656.3594,0.18752491,5.0235443
689.67725,711.3302,0.31311896,5.0587497
594.265,710.09705,0.036437903,4.6696386
581.27045,711.66034,0.12513083,4.752773
634.0756,658.3037,0.5968815,4.875014
549.8702,559.1035,0.1386984,5.015914
825.7679,819.93835,0.15386628,5.355032
662.6991,722.6157,0.1415321,4.9659457
714.0387,759.24243,0.1484039,5.0490427
605.7572,649.5314,0.12473577,5.2968936
587.76324,714.8295,0.13692103,5.0144362
693.3717,697.92334,0.15101726,5.031126
748.9121,766.04877,0.17106096,5.10711
770.55347,806.0133,0.12583113,5.391095
654.62427,714.6903,0.1397864,5.3036075
630.87976,658.1483,0.13486227,5.0364976
473.6321,718.872,0.13742346,5.0617447
613.13135,708.3504,0.18513949,4.90953
668.36145,733.41473,0.06927579,4.713449
843.07404,844.7573,0.117541134,5.221857
810.49896,711.1443,0.12046853,5.010513
509.96133,722.2914,0.12169723,4.8619885
541.73425,592.254,0.13320892,5.1591496
591.09814,720.50507,0.13646711,5.0452156
540.5815,708.4327,0.12387267,5.3152757
758.2245,793.3295,0.24022444,5.4112635
482.86484,516.8537,0.094057485,4.965407
640.2102,748.4074,0.13480112,5.086088
769.4902,725.3314,0.13474049,5.4965615
759.51044,727.26733,0.1309069,5.388983
635.10187,727.89233,0.14469661,5.1131454
771.6575,775.6002,0.236829,4.9179635
738.91095,783.90533,0.1444466,5.402073
752.14246,782.13995,0.13745111,5.2245502
790.6537,724.9245,0.13445617,4.985855
767.83545,768.8454,0.52833194,5.2056475
490.69446,721.7134,0.14386302,4.698485
644.46606,704.9327,0.1387302,4.5403876
758.58026,795.54297,0.2623438,5.47468
781.5648,805.7625,0.20473102,5.314016
552.9386,694.6824,0.03837916,4.814633
458.53754,722.33984,0.11039537,4.5870433
778.66986,802.9227,0.11914774,5.234104
656.37354,723.2257,0.11115398,4.9701576
655.6629,679.8232,0.16633263,5.335179
650.06964,718.4602,0.14557618,4.2151475
635.2353,689.28094,0.04268289,4.9612846
617.73724,652.78986,0.1141112,4.3718815
481.0198,496.46393,0.053287435,5.04495
733.25415,762.4651,0.13713092,5.3329797
804.7542,837.91473,0.09260994,5.223586
519.98474,734.8717,0.14077395,4.892853
643.688,663.53125,0.09514495,5.4024186
518.5807,703.5773,0.13578695,4.8323417
614.2247,725.8322,0.01262836,4.488765
498.4238,702.34283,0.14430788,4.5425515
645.84424,673.6432,0.2839666,5.416307
502.59195,556.3289,0.10961848,4.915233
631.33905,725.0135,0.012304051,4.612601
592.8759,685.81976,0.07605028,5.126815
493.49908,719.3829,0.13901182,4.387183
732.348,806.372,0.092343494,4.9139767
800.0274,832.2577,0.13631645,5.317501
779.3716,793.0419,0.16188177,5.432662
581.71924,631.4849,0.12961708,5.1860204
959.7538,724.96045,0.15834826,5.2600994
769.6705,794.6746,0.14616966,5.5011306
573.5985,699.1706,0.1204187,5.1941915
818.21387,833.2857,0.14334922,5.383049
747.4587,803.2147,0.3284487,5.5425034
555.4023,577.6454,0.07278361,5.05621
550.6593,716.414,0.12903246,5.0546284
721.76483,815.86194,0.13293272,5.0183845
582.1405,646.1751,0.20360233,4.1692786
750.3661,791.50793,0.13608441,5.252228
640.2736,655.07104,0.13792235,5.008353
572.0497,720.05365,0.13325785,4.960953
612.4466,642.4122,0.17376526,5.2284575
574.1487,706.6199,0.14446887,4.8971395
544.3933,701.52124,0.041003253,4.8176804
693.78577,714.86725,0.119275026,5.017393
648.64294,693.8854,0.47338712,5.242261
605.23553,613.74146,0.09246453,5.006977
512.27216,584.2973,0.032487143,4.300974
662.9515,740.0946,0.14925155,5.0142374
614.23834,736.1194,0.13477357,4.982641
622.988,647.0882,0.060328957,5.210108
452.32,726.3785,0.13551913,5.01682
631.5184,676.9651,0.13578361,4.8035693
605.9737,751.3729,0.13537957,5.043541
826.69775,811.9197,0.14956565,5.0353794
526.87555,656.8125,0.014949409,5.00425
663.46655,709.14557,0.14730272,4.988276
440.25912,700.03723,0.13797066,5.0087
548.4759,642.5281,0.023989176,4.96113
504.8882,715.1717,0.1186475,4.878407
779.24927,746.6683,0.14558597,5.1464243
557.85315,600.04004,0.13762683,4.997264
478.8019,514.6154,0.011401413,5.047493
678.4432,670.5545,0.15475796,5.045302
559.7254,674.3585,0.12806886,4.655173
539.11365,697.0588,0.13804115,4.950712
640.06714,759.34814,0.12890004,5.0401783
472.47488,712.8363,0.13091177,4.853369
566.4804,703.67615,0.10313181,5.0106564
568.95996,669.4856,0.093720615,5.0236154
646.7235,679.16547,0.33760864,5.489238
689.6587,700.49274,0.124676734,5.0392666
557.0263,716.51385,0.0640537,4.693982
794.66797,815.7142,0.0067268065,4.9327197
503.84003,712.3662,0.13801382,4.4637117
824.54987,856.14417,0.1619041,5.064696
461.51157,697.4995,0.120927766,4.5402746
515.9852,710.25165,0.12759763,4.8823547
694.4429,795.6283,0.112382576,4.620945
522.2729,576.783,-0.012124086,4.9374
786.58966,806.5631,0.021713382,4.635848
758.8594,718.56537,0.13149884,5.2606072
453.2774,706.47406,0.14035442,5.003873
675.22156,690.4452,0.14113057,5.0561285
686.8206,795.6553,0.13203505,4.50362
605.5575,715.4939,0.15659966,4.5215273
552.97644,554.9332,0.10041659,5.103079
552.92554,694.0414,0.122631624,4.6865506
570.31714,682.3075,0.1110498,5.026444
445.9106,707.1181,0.14018956,5.021966
639.2095,655.68677,0.3200578,5.352123
697.18506,735.5705,0.13029931,5.161931
499.72195,566.0346,0.1315031,4.82951
630.85864,648.0533,0.16522014,4.296841
592.4882,624.57434,0.12310381,4.980457
559.56866,675.1843,0.12566994,4.7568398
811.21375,841.7172,0.06374703,5.2353444
630.91144,735.6789,0.028094938,4.582226
445.88522,708.972,0.11759897,5.0157266
646.7962,649.7588,0.20607042,5.0886188
636.1851,663.87714,0.10338582,5.0742445
778.85016,809.3749,0.10111368,5.095011
779.861,798.7717,0.07928797,5.0773487
741.55927,817.3779,0.13330348,4.9634323
754.171,796.6705,0.17697297,5.4558616
519.9999,717.05725,0.13372868,4.919785
711.9503,764.7721,0.12772135,5.05618
556.7059,614.898,0.13465486,4.9447293
754.36346,712.4796,0.14922369,5.36143
607.1519,706.0655,0.13088629,4.474248
433.63647,710.35657,0.13309002,4.609238
509.8072,712.14594,0.1330059,4.8529687
550.32666,678.04706,0.14861096,4.972477
652.9399,666.2767,0.2908067,5.3290315
565.4014,602.3324,0.14422062,4.9659934
511.80725,708.3795,0.12719858,4.8433056
475.8003,711.2838,0.12923697,4.947465
801.40857,812.653,0.12446389,5.316576
484.2464,622.14246,0.1300432,4.959319
564.4884,696.96545,0.1300032,4.470343
693.65485,707.52203,0.13270761,5.003243
519.853,594.04675,0.15627788,4.557524
467.11246,657.0344,0.12693389,5.0276494
506.6882,727.82886,0.15942556,4.2564898
656.289,705.92804,-0.0044994154,5.043507
738.89233,819.38605,0.13585092,5.0245204
518.4944,702.9891,0.13528928,4.863263
583.9132,705.9454,0.1359271,5.0289965
567.17255,614.4125,0.069316745,5.0212727
752.79614,779.9971,0.53042483,5.390994
805.3231,854.5541,0.1246806,5.048188
664.01245,684.3084,0.19265363,5.0721073
687.6156,693.2064,0.14350072,5.037805
742.0013,783.7052,0.21096481,5.3025928
732.0877,815.75494,0.13333508,5.046427
758.2037,784.94806,0.113167,5.38956
583.5349,713.10516,0.13803107,4.4224114
550.23615,722.0803,0.14975362,4.990305
500.5165,702.5348,0.12441907,4.7618914
678.50555,692.14905,0.14592537,5.0710835
789.44965,806.7961,0.1110456,5.2028966
637.2474,660.2789,0.13054967,5.3494005
477.10947,700.19196,0.16109467,5.0801387
609.6991,634.3705,0.10884022,5.044665
535.3547,574.6605,0.03472049,5.138295
636.9247,653.1157,0.13736896,5.031756
498.26846,722.9432,0.17249663,5.057751
651.38135,670.71277,0.52897906,5.465853
663.45184,664.2477,0.07685095,5.3539724
803.78754,806.29333,0.105378196,5.026366
494.3141,702.8624,0.12737447,4.560465
511.41968,707.5804,0.11144997,4.82516
715.2333,806.8887,0.14127363,4.934378
650.90686,691.271,0.010825014,4.211356
559.46814,708.15436,0.1421935,5.2533355
776.3175,814.44666,0.14298943,5.344627
761.02094,793.2524,0.10211227,5.308773
586.128,618.9277,0.08480911,5.0408487
779.15857,803.42206,0.10191961,5.3279247
680.64404,712.79004,0.13887964,5.2479997
564.6328,592.5492,0.14223748,5.039796
571.95514,695.4584,0.14119314,4.9989023
760.8161,718.43774,0.13355298,5.4665213
526.8908,587.98676,0.070088096,5.121492
697.09906,793.70294,0.10594791,4.6601186
804.4569,830.5051,-0.004903401,5.2008686
731.16406,784.4367,0.5008426,5.3856173
706.3177,730.42145,0.14037958,5.4331555
761.1438,789.5167,0.10139943,5.2571616
583.25757,700.45056,0.13542722,4.977022
803.8658,807.0922,0.16135606,5.089708
763.34015,799.9536,0.2929343,5.5469456
625.43225,745.5582,0.1493954,5.0020013
529.89294,732.4823,0.15112472,4.0754766
648.04974,649.68066,0.15339054,5.0366974
468.0275,694.65125,0.1438992,4.4473686
813.9602,825.34906,0.13855276,5.1643066
786.8682,799.6825,0.17350797,5.371253
788.9832,794.8369,0.27269468,5.559687
493.69296,527.2656,0.009716472,4.9080253
656.0761,677.8074,0.39398074,5.4443765
770.266,710.7242,0.15132536,5.2205205
561.9187,709.9528,0.1562086,5.089503
549.3786,691.1419,0.13309391,5.019347
611.78485,718.8372,0.020442305,4.4487042
743.8766,820.6569,0.15483758,5.022182
558.6951,706.1784,0.05252466,4.855279
481.7818,515.30963,0.09557079,5.00269
697.13995,710.4229,0.04535785,4.726326
806.81555,825.4472,0.10892049,5.1031804
480.8946,514.8199,0.018337285,5.006333
535.7055,561.84564,0.05073103,4.9808354
622.54443,757.53436,0.160982,5.002843
456.84464,721.3078,0.17458002,4.3714333
808.4892,839.41254,0.12339683,4.9514065
594.74927,668.1088,0.13487075,5.001728
645.71906,676.49695,0.08299278,5.204339
777.63873,794.5547,0.55037713,5.238888
748.5614,786.67755,0.078559905,5.228129
660.7633,697.0132,0.047201816,4.973443
688.17706,749.58435,0.023371791,4.3444343
630.69617,651.2909,0.062352177,5.2494884
479.36688,537.52673,0.10857355,5.1705647
504.7442,711.5652,0.14182086,4.8684797
510.97098,779.63385,0.112007864,4.2010775
781.9404,808.1406,0.16019976,5.1703386
513.22375,713.42676,0.14956988,4.3899055
689.7471,714.36316,0.14649622,4.9918337
531.4197,669.39746,0.018696016,5.0062747
635.7418,670.0413,0.1428933,4.9279003
553.5231,575.44385,0.10216657,4.9804335
451.22162,498.66415,0.14625095,5.0779366
787.2803,816.4777,0.15132408,5.2497325
475.5045,505.04395,0.056023683,5.145126
509.40097,564.5956,0.13573931,4.922752
484.5281,587.67474,0.14884086,4.348968
530.95886,561.78436,0.080195434,4.980042
809.68396,868.3398,0.13473845,5.5709934
636.4322,666.45825,0.16548948,5.280007
584.11554,716.35846,0.13050474,4.845899
521.39795,718.8749,0.14518203,4.994477
496.17462,714.2799,0.1363914,4.8526206
499.94568,708.5931,0.12995908,4.895974
612.37964,651.1894,0.122618355,4.0450068
561.548,704.1459,0.107924595,5.030997
597.39923,713.2079,0.14047685,4.783162
569.57996,711.39557,0.12944865,5.085545
735.1071,821.7911,0.1530056,5.029928
778.5003,781.89453,0.18405788,5.465533
572.4316,615.7228,0.101048574,5.0054398
793.05444,829.32874,0.1717882,5.262901
779.7613,820.30054,0.058040712,4.943706
470.45242,490.26013,0.010706833,4.786713
731.022,754.8589,0.18716435,5.0729537
655.2057,662.08527,0.118697345,5.26462
827.4153,848.30634,0.024760885,5.156855
750.44244,779.0899,0.13589932,5.146766
573.33014,709.915,0.17379779,5.0633345
509.79965,521.1366,0.3360017,5.18203
713.12634,753.73474,0.14155836,4.977678
629.5814,738.15814,0.14968103,4.9799376
512.7634,709.56146,0.14260703,4.7033224
518.2781,712.96344,0.136947,4.8258886
511.516,714.2598,0.13952446,4.8113194
626.111,732.1025,0.013579076,4.496969
621.40704,699.5112,0.03230935,4.9838037
671.18164,685.7031,0.14117585,5.0019746
508.8583,535.8245,0.02391371,5.00059
572.0189,574.7087,0.12425604,4.978403
788.4079,813.93225,0.13721669,5.104517
753.66125,796.43677,0.14381713,5.406774
519.60345,713.2309,0.16318336,4.511259
661.5704,679.13196,0.17419076,5.1190825
462.396,715.7867,0.157442,4.7352986
555.06726,620.6183,0.18028215,4.9704356
885.1766,705.16046,0.14647411,5.2883506
647.13135,673.32007,0.31584284,5.063811
628.81415,730.27527,-0.006100247,4.5586567
553.5788,577.967,0.12354007,5.0240784
782.3171,814.0905,0.10326328,5.0676527
542.75714,670.4896,0.13694061,5.009085
775.62537,802.0568,0.12702744,5.241493
657.2274,710.3991,0.13166685,5.2016716
763.6346,801.2966,0.12447748,5.3806148
587.1703,710.54034,0.07680331,4.814663
767.4915,796.69476,0.24663149,5.414977
783.40045,818.29236,0.121869825,5.2246842
772.2034,804.7517,0.3110106,5.507122
693.7555,752.7195,0.05352628,4.753362
892.0266,708.2715,0.14450885,5.3897314
578.334,716.7708,0.13131514,4.538794
766.99164,805.43207,0.023203714,5.0002656
656.4035,685.43744,0.10860529,5.0421185
578.1796,679.34424,0.074193515,5.179985
833.60156,719.0222,0.16514291,5.004118
625.85474,648.2632,0.039743956,4.5589623
670.72504,669.3814,0.06741804,5.168964
469.57684,653.3462,0.13365759,5.0101957
762.24365,788.3352,0.14744279,5.3936706
649.3639,656.1473,0.3459611,5.381646
692.3738,725.3672,0.03612462,5.0460973
682.9454,705.76416,0.1484941,5.0076647
681.18964,702.1696,0.15619993,4.9938483
577.01154,711.77057,0.15327628,5.060629
776.8833,802.17096,0.10118331,5.162208
554.3445,567.071,0.11654745,5.014112
689.7034,683.1268,0.13609612,5.0950875
468.53873,718.36334,0.13342004,4.5004716
451.08447,702.8684,0.13156423,4.270996
648.9193,667.258,0.033256564,4.842298
591.91876,651.13165,0.2603129,4.7676067
766.982,798.6619,0.19810408,5.3141146
776.41907,786.2342,0.064830676,5.141701
643.02673,741.4029,0.12341642,5.0577335
797.8391,812.8985,0.13253628,5.307114
575.8443,648.4577,0.08743578,5.014574
784.47064,736.6957,0.11277549,5.1949677
810.70575,812.3006,0.058382105,5.074919
629.0783,727.2126,0.15784992,5.204308
745.86237,747.8075,0.19639468,5.0834455
629.0144,666.3527,0.16761307,4.9329476
651.01794,721.2564,0.16628073,5.1767592
638.0365,752.50616,0.14771834,4.958684
642.08936,752.7765,0.14914054,5.020135
472.9348,691.26935,0.18326595,4.876289
759.77234,773.71136,0.11011699,5.403972
722.752,748.75964,0.14558093,5.342394
566.05725,597.159,0.049251985,5.046512
741.3091,773.9253,0.097149715,5.069629
573.6796,655.69324,0.14854255,4.3928514
796.20917,812.48663,0.18624777,5.292705
588.009,654.59906,0.12772906,5.046772
572.3529,762.5014,0.005654936,4.683378
759.5529,794.07855,0.076237366,5.4007015
583.1675,723.7029,0.13759342,4.90853
805.2524,721.2083,0.12630232,5.477235
521.62054,597.7337,0.13543758,4.5574875
627.1886,713.7854,0.11385533,4.8825736
558.9998,700.8634,0.12678236,4.5197015
745.5008,773.9803,0.06494987,5.1981654
750.9678,713.3783,0.16281688,5.512695
691.2827,725.43475,0.12718663,4.9948363
614.54767,685.97705,0.12486554,5.013734
656.04767,704.9373,0.040716466,4.9923477
611.9278,726.8691,0.0051412485,4.618701
864.90857,877.85974,0.080190726,5.055174
593.45276,613.64105,0.11748006,5.0560536
467.9747,491.0262,-0.0047024437,4.936733
498.58713,578.2222,0.14971866,4.8988495
740.07007,712.1094,0.12984405,5.192479
790.1416,807.47064,0.3311712,5.5086174
806.047,724.9705,0.14985125,5.013499
737.23145,813.1984,0.14037831,5.04834
930.667,718.7844,0.14549482,5.2083898
784.5231,803.6984,0.054704923,5.1290493
533.1293,703.57275,0.14394696,4.810025
641.3984,664.6772,0.09334633,5.098449
516.9536,574.2953,0.1415458,5.006002
494.01205,713.6067,0.13555863,4.8857703
637.69885,745.80365,0.14051954,5.040389
652.7651,714.3093,0.14017667,5.3223186
771.387,718.04565,0.13667984,5.409085
702.3757,746.7026,0.053191926,5.0440683
787.18915,812.67163,0.20230033,5.367419
783.05005,824.8797,0.1605641,5.145313
547.74786,621.04626,0.06537991,4.2664924
521.9051,528.52405,0.022114387,4.991183
759.0213,792.69934,0.07116248,5.140105
762.85425,784.9397,0.09695622,5.3388634
559.46313,703.51056,0.14134265,4.502881
574.712,581.73083,0.047769386,5.0332074
788.4244,813.8106,0.119133554,5.16951
770.48773,731.1518,0.11971118,5.0819607
697.38654,710.37225,0.12888709,5.0193186
677.9088,706.6301,0.27139014,4.5054336
650.2584,739.0902,0.13221514,5.047129
512.3141,713.3924,0.13006161,5.0069942
795.6974,825.42224,0.14610168,5.4103017
635.3232,639.6962,0.13597177,5.003563
871.2048,889.7714,0.13489687,4.9657235
479.70508,698.02026,0.13659053,4.969731
751.8555,733.8639,0.1635484,5.010313
562.93146,562.7068,0.2181078,5.0246143
640.27203,716.08435,0.12936321,4.64078
708.9185,712.17816,0.14856003,5.2507715
455.42514,772.05035,0.099596895,4.8161807
807.25665,853.7521,0.06429767,5.2356734
752.22314,765.5675,0.32775575,5.3285723
523.0785,706.32294,0.13808347,4.982405
403.45496,697.6742,0.261203,4.508132
503.53262,704.4498,0.1369322,5.080548
565.48706,545.586,0.11240214,4.986988
746.61395,776.1862,0.11420339,5.0668817
772.8614,805.9302,0.49833676,5.2191277
665.70874,678.8415,0.17251116,5.0559416
546.91907,703.9258,0.13932566,4.8171372
604.05035,631.2527,0.07082023,3.7455702
640.67505,736.1167,0.12439417,4.9983644
547.78534,621.2274,0.1253009,5.050162
598.26215,714.5495,0.13093756,5.02751
638.5639,686.2127,0.9438615,4.988
655.15967,686.4978,0.11598862,5.023269
798.9136,835.23486,0.06613846,5.1289177
568.70917,680.9616,0.1285714,5.0223804
560.5907,711.6808,0.10699298,4.9993668
668.9126,698.2935,0.3865413,4.978137
459.5221,714.05914,0.13967064,5.091517
601.75507,714.8064,0.1216387,4.456953
759.7568,780.3405,0.12953047,5.273131
790.9629,804.4324,0.13564865,5.1354227
664.1311,691.9109,0.022013223,4.9989557
707.4738,733.0984,0.17002235,5.115281
656.51953,670.4455,0.27935693,4.962219
553.65845,688.40063,0.13978955,4.724915
778.7119,782.20496,0.23881221,5.3211117
681.3858,718.6501,0.093000196,4.9276233
554.2951,704.8052,0.13091601,4.4967184
665.80426,680.15314,0.17314178,5.0774
594.3906,613.1143,0.057750206,4.9810534
782.65546,791.87036,0.21075374,5.4663367
512.841,715.9684,0.15094903,4.8600287
591.96857,713.9914,0.12689564,4.7974377
868.99567,875.0289,0.09513197,4.583654
507.47327,715.52057,0.123066075,4.9082656
848.53876,876.85144,0.06546278,5.0279336
418.72763,702.66406,0.15759572,4.9934287
796.8097,826.4583,0.14010416,5.391125
696.96826,722.66504,0.37378106,5.0795264
577.5526,698.32446,0.1277556,5.047268
631.22,644.918,0.2759132,5.0234675
430.87796,714.3563,0.14954118,4.992405
674.3288,686.00134,0.14688502,5.0210032
755.914,783.9687,0.2013164,5.437888
792.12836,809.70856,0.17923601,5.398906
723.40356,767.4049,0.14146939,5.1954727
740.6506,714.0616,0.13078217,5.1967916
526.5537,530.0961,0.0128209125,5.006521
530.2995,697.1982,0.02988576,4.638018
752.89526,773.3184,0.34156236,5.3471794
628.379,648.4257,0.09285102,4.360421
484.02078,702.64087,0.13248265,4.6059237
733.63806,809.19305,0.15012592,4.9496894
538.4358,715.9635,0.13466094,5.2832394
629.91815,701.7051,0.12590303,5.3100395
497.1858,721.1507,0.13927254,4.8071756
539.07605,635.2685,0.14871459,5.0417914
502.85394,547.8493,0.1081295,4.9433236
619.2773,732.0193,0.014385885,4.5977097
634.0925,712.3946,0.12104495,4.4920125
654.6368,689.44714,0.30002663,5.3692365
648.57025,665.855,0.16604255,5.0910616
488.04602,585.88324,0.10647794,4.870157
583.335,715.2881,0.13838047,5.0398026
647.1391,671.91144,0.45121932,5.4846587
508.8199,716.7543,0.13557246,4.8690596
632.5811,649.6727,0.126906,5.2876153
586.0302,703.5814,0.13132513,4.4503107
560.23773,585.2549,-0.008693406,4.9926095
562.88025,586.5637,0.05976588,5.148119
779.6563,792.9796,0.0208932,4.9404893
663.3999,666.925,0.15408804,5.1891084
653.4515,717.9618,0.15701474,5.018956
557.20746,712.50323,0.056952987,4.784919
658.03174,661.0654,0.18336235,5.0426564
642.1827,681.7522,0.14225422,5.286279
633.62744,660.92224,0.25854513,5.2834454
763.5382,797.21576,0.05590835,5.0207987
595.8477,676.94415,0.049712915,4.367539
542.6494,597.16174,0.12709598,5.0056148
787.93115,801.9005,0.14085656,5.0900536
692.2003,700.8142,0.14994462,5.055194
533.7698,579.5595,0.13967006,5.0053806
553.1092,697.759,0.0439046,4.792026
642.01276,679.5394,0.14142078,5.0848603
621.31195,649.30206,0.1286781,5.009272
759.26526,789.7711,0.18023473,5.4521804
744.0826,772.2726,0.09412439,5.06164
757.95374,729.7511,0.13381906,5.03735
576.3092,709.415,0.11718815,4.79424
653.0793,746.28314,0.12791172,5.004116
449.66898,704.5566,0.1223132,5.009359
804.98224,721.3809,0.12194041,5.484329
688.0112,706.86017,0.11323815,5.018395
697.44257,692.76855,0.15052629,5.0120273
637.524,646.7521,0.066866875,5.409226
537.79645,687.31165,0.044437718,4.970492
565.6636,624.0381,0.031132413,5.094114
562.0863,717.5975,0.059787456,4.8203945
495.72903,708.8469,0.13312502,5.006314
442.25653,716.2881,0.13942237,4.555017
476.80212,735.11145,0.1939967,4.5529246
775.563,803.71204,0.064654194,5.1551566
779.333,793.9772,0.30326712,5.5790067
965.18024,731.76013,0.12560186,5.346437
782.6463,804.44275,0.078370035,5.233157
744.397,816.94086,0.11719852,5.0074625
486.95776,711.5172,0.14585076,4.9961286
704.8827,794.36707,0.05216666,4.500541
762.08057,786.9987,0.1470899,5.4143386
693.3125,748.833,0.037590858,4.449406
645.5954,670.5052,0.18147843,4.9077435
665.4925,735.685,0.020602992,5.206243
579.7259,705.1408,0.103383504,5.0052123
740.90356,808.8063,0.14352949,4.9580936
767.2893,725.8473,0.1298444,5.4970646
539.6987,670.67395,0.03463463,4.995054
839.9019,860.1519,0.03182779,5.0978017
689.7888,695.87067,0.13632889,4.958273
639.1147,647.8369,0.02442651,4.9239717
454.61914,708.8041,0.13421041,5.020976
749.2741,784.9273,0.06341448,5.248542
619.0158,700.93317,0.1114855,4.9798117
553.92993,716.81726,0.13446549,4.423377
797.46533,733.14124,0.11458312,4.964436
761.7556,790.3925,0.10026669,5.3020406
642.82587,653.1117,0.15582328,5.387452
435.4453,710.976,0.13286053,5.018641
622.0096,712.4056,0.14033478,4.9364357
521.97174,725.515,0.13531615,4.9469233
773.64996,818.60443,0.1332541,5.38976
604.22003,652.7002,0.01242519,4.9470468
705.5716,704.7576,0.18558916,5.0474033
478.80164,494.38245,0.02465163,4.9338474
802.12146,814.7496,0.1376494,5.2680464
598.1617,654.3337,0.1333247,4.9978004
460.6052,639.2212,0.14896224,5.0232844
799.3108,819.2959,0.14641277,5.225533
390.82938,695.217,0.1926789,4.4690247
628.9236,752.4012,0.16280538,5.0404296
734.1155,768.8304,0.06004257,5.1199465
747.9066,790.9138,0.04156973,5.1970086
462.4405,715.7806,0.13310361,4.598804
626.623,660.10077,0.11854335,4.9702706
716.6019,778.37994,0.053889256,4.8392463
658.45123,675.64996,0.16198978,5.347312
779.6965,811.0942,0.11292119,5.214504
755.7262,779.71313,0.13463001,5.4051332
435.11444,709.8665,0.13938649,4.9759636
615.848,666.3545,0.21028697,5.275073
556.22217,713.69543,0.056010555,4.782025
520.08777,523.5055,0.036327217,4.998582
839.9296,818.9658,0.09450526,5.2471356
748.8456,783.1479,0.05623625,5.1980767
628.7096,655.89386,0.08961738,5.3899746
750.5481,780.6245,0.12655759,5.2782884
628.23944,651.3294,0.13664888,5.0176415
593.79974,708.26764,0.14321016,4.750826
564.0321,604.4411,0.017966723,4.999063
639.699,670.70795,0.33286706,5.076169
445.41953,716.2066,0.14291875,4.9793115
529.32166,705.89606,0.14846617,4.394105
571.9232,634.8172,0.050168846,5.0226912
393.9107,696.8864,0.069309376,4.4840827
643.6679,673.95514,0.124783,5.391991
667.63916,715.288,0.14764044,4.535026
653.5054,676.5145,0.1700645,4.983047
541.33923,686.276,0.1411367,5.0220237
650.3284,669.49646,0.29510444,5.304551
787.7397,796.2518,0.04296859,5.0471525
487.7245,698.70337,0.1463211,5.060667
572.1628,630.1425,0.12899147,5.0898447
661.22943,689.3237,0.13711695,5.044316
590.35815,712.544,0.13515837,4.696246
448.28815,491.73932,0.049840707,5.028836
526.087,727.451,0.13596518,5.046157
886.8861,880.7078,0.06288028,4.577228
444.74026,756.29614,0.17362636,4.5624576
512.3168,723.6127,0.12341645,4.8550725
666.6981,742.52423,0.13648932,4.9921303
771.01636,793.48,0.11068218,5.190511
669.5789,714.4961,0.12973973,4.895421
436.29355,556.6287,0.088615686,5.0179343
488.40585,537.37463,0.10676595,5.0064373
593.9922,725.7759,0.141266,5.036737
722.77423,819.48364,0.14059411,5.046001
813.0323,839.5564,0.15524326,5.4548116
550.26227,720.971,0.13395905,5.013453
772.21735,798.3002,0.13877778,5.446157
647.28796,676.94794,0.48781788,5.388907
644.28876,667.3091,0.275044,5.319124
563.81,729.33936,0.025024874,4.460439
589.55804,662.9544,0.016464045,5.0160775
443.12167,707.7652,0.14528967,5.0014076
548.8122,590.0596,0.047827233,5.1557307
575.2999,602.0048,0.14054054,5.1952043
644.95856,672.0724,0.45916715,5.1437335
642.6786,697.3755,0.12207706,5.338054
750.0065,785.65704,0.16075611,5.244626
615.92535,740.2316,0.14589754,4.9987016
596.4676,727.17126,0.12095815,5.0322556
829.69727,849.1639,0.14579076,4.9883046
510.87244,578.81354,0.12197384,4.841276
553.5189,700.7107,0.13449192,4.7456446
470.7235,492.99228,0.052099455,5.0523744
661.7644,679.42303,0.13076445,5.304706
636.34106,752.12256,0.14568241,5.016857
738.02,728.11053,0.13180351,5.007329
738.7736,777.10864,0.1824567,5.050798
753.09717,780.551,0.57489824,5.406308
551.2871,700.22516,0.1404032,4.754193
756.51685,770.2812,0.19112599,5.40973
522.8123,713.9387,0.1300322,5.077891
806.3565,848.5718,0.13872263,5.040339
560.7003,576.4321,0.08375856,5.1930475
846.7387,867.9135,0.0491526,5.3874965
626.72046,713.2857,0.099257834,4.5080743
615.3054,738.66016,0.011600187,4.494498
482.41278,574.8925,0.13695467,5.008494
593.1316,665.9092,0.072775565,4.6989636
653.31116,667.7659,0.3478473,5.3602023
442.2625,705.61285,0.11906083,5.0255256
794.8903,830.1481,0.15350169,5.096258
486.30893,705.46735,0.13621387,4.5258656
764.7419,798.985,0.040572096,5.158425
661.90875,725.15564,0.13811293,5.2218056
728.6901,822.29193,0.14267056,5.006458
733.27386,808.7175,0.13310419,5.0459075
763.41693,784.9659,0.16437794,5.4298763
799.4851,726.44995,0.12684885,4.994779
527.4263,701.39185,0.15421177,4.728802
774.2553,798.6014,0.5102551,5.173388
579.8213,703.3159,0.1296579,4.5118575
753.3916,783.62805,0.57824653,5.4305716
766.10126,735.949,0.1363821,5.0602436
670.6166,693.909,0.11733182,4.9964466
793.5096,801.0939,0.0880109,5.241512
559.57654,721.56067,0.113522016,4.4501595
670.60736,696.48486,0.5959838,5.009052
595.41315,644.68787,0.1314844,5.0386696
531.2576,707.4531,0.14846702,5.0564594
496.23825,533.2399,0.13649221,3.7786896
832.6893,860.98724,0.012874981,5.210004
417.3733,695.07635,0.26305524,4.3921456
504.78262,710.9997,0.13585722,4.9120975
601.8135,731.6878,0.12848125,5.027937
510.7817,718.9056,0.14435415,4.8986745
449.27115,708.0491,0.12740374,4.98292
510.28928,705.44434,0.1479864,4.7779164
581.6793,664.76166,0.15034555,4.1921387
757.2424,804.5716,0.25375047,5.526446
506.09058,576.3413,0.13887471,4.9413223
760.792,798.5509,0.0061608455,4.7842956
517.2028,690.0124,-0.0008243419,4.7279453
574.7066,678.60376,0.20925911,5.03911
637.99493,677.4795,0.07556021,5.3041663
618.8926,763.50574,0.02675519,4.725667
634.0587,749.2617,0.052111413,4.4511957
645.2418,667.9432,0.17763124,5.1307178
484.3624,706.3904,0.13842714,4.598355
806.73956,835.7667,0.10874783,5.2857227
586.6517,710.5565,0.12116483,4.500935
649.39856,706.9225,0.030901378,4.869147
636.7986,746.4611,0.15500921,5.0081234
695.1734,728.5945,0.15821451,5.667636
829.36273,842.1356,0.13867065,5.386312
608.2626,658.9825,0.17976506,5.340385
608.2269,612.792,0.07712444,4.9992476
641.18085,651.38934,0.14622737,5.092742
742.4309,778.1983,0.049559463,5.3128467
826.168,860.4393,-0.0011960961,5.2098064
617.61865,632.7669,0.053258624,5.242976
828.2669,858.2759,0.042194735,5.1966033
561.5168,609.56616,0.15620813,4.9590516
595.27405,730.2631,0.11440018,5.01956
453.18274,714.41705,0.13514657,4.9895267
479.5437,485.73334,0.103992835,4.999365
748.55676,786.6709,0.07855716,5.2281246
743.2475,779.32275,0.23403496,5.3561416
620.49713,634.85205,0.1232303,5.056786
793.4975,851.8239,0.006732141,5.1376553
691.3604,701.5968,0.12064551,5.0769367
643.6879,665.61847,0.08599087,5.415305
814.1646,845.41583,0.01351667,5.2893953
648.0237,762.11694,0.14044838,5.0440598
756.5724,796.5984,0.21617265,5.506982
822.9577,731.5255,0.15401672,5.0052924
562.2915,705.2551,0.11975013,4.3718276
645.11,693.7886,0.108430386,5.2433085
754.22064,758.0219,0.2978515,5.425594
736.21356,769.965,0.106297575,5.2664027
410.8112,709.4966,0.13013262,5.0007315
583.6892,612.34766,0.066463284,5.0367785
675.5547,717.5196,0.056792784,5.1624928
471.88208,626.8853,0.12534997,4.7025
666.04565,696.86383,0.043448273,4.957745
476.3255,705.34143,0.10888967,4.8371706
474.83698,578.398,0.1363128,5.002075
623.5119,732.9909,0.022114633,4.633368
801.56555,828.44214,0.054625664,5.209452
411.70392,515.02124,0.13666698,4.9927864
789.5781,799.68585,0.1446162,5.1172895
457.7513,650.92236,0.14726962,4.9617376
568.069,616.50006,0.022658875,5.01016
483.23624,606.4692,0.13765636,5.0391865
622.4482,738.6459,0.1479142,5.0149817
666.9084,709.83026,0.12981868,5.096306
804.75854,815.36926,0.16647142,5.3742676
737.1686,764.6631,0.09899433,5.1615
483.44495,709.18726,0.13861033,5.2069945
542.5283,705.72656,0.04239678,4.7983327
542.72485,710.4573,0.13968077,5.054454
618.8939,632.7846,0.15162593,5.276645
786.457,816.684,0.15443212,5.2584796
639.6133,747.45233,0.1384672,4.9943523
598.879,701.9117,0.14864624,4.377588
760.7744,783.253,0.20094815,5.4687495
638.5568,702.0997,0.12736504,5.238699
664.72424,665.33093,0.13497849,5.0500216
495.63623,725.31635,0.12954193,4.621595
735.0782,760.1318,0.10223504,5.1275096
549.427,717.64026,0.024520596,4.743523
674.4931,673.3731,0.22145732,4.950457
742.33765,715.48444,0.1260547,5.189748
827.4299,708.8858,0.12858236,5.0124817
663.7163,712.16003,0.1391706,5.2535887
565.5071,704.0918,0.044463392,4.7361684
658.0642,687.83655,0.1161466,5.275951
578.419,599.4151,0.23571171,5.179935
795.5512,789.68726,0.07113355,5.0273376
587.9301,711.5106,0.12394757,4.5751796
778.40063,787.97815,0.12526204,5.105454
655.3258,699.5301,0.13879658,4.932917
760.80853,772.5862,0.17968693,5.430371
523.2851,716.0116,0.14250232,4.452218
574.2273,712.2721,0.14368325,4.193312
636.7151,647.9743,0.13796504,4.994186
552.5108,667.30896,0.1715264,4.9565597
630.02374,643.6403,0.03261761,4.998876
479.6297,706.1638,0.14766696,4.771207
615.37354,617.04425,0.08226249,4.000631
426.151,704.2312,0.15335461,5.02701
554.9522,598.18176,0.13454257,4.997413
658.7534,668.4768,0.13598989,5.111914
444.9155,706.6722,0.13923633,5.0119677
498.87524,559.54095,0.11569382,4.8576155
510.24155,697.6206,0.12000035,4.5667043
